client_id,client_materials_folder_id,client_homepage_url,drive_folder_id,intake_doc_id,intake_doc_name,intake_doc_link
woven-legal,1Pfx3R-YzhxWcb-qQIwaxEp-J5zjkRiQI,https://www.wovenlegal.com,1wV0uhPLWTIE5EX_G77afUPvyJ3TE45t4,1rAPXi-WAJju3RJ8pCjhoNs9KLtRaqJ1qUSWFAeAbL08,Client Intake Form - Woven Legal,https://docs.google.com/document/d/1rAPXi-WAJju3RJ8pCjhoNs9KLtRaqJ1qUSWFAeAbL08/edit
zoomgrants,1fG-_X9iusyNsLrGG1fc0SLGHNiOUeKNW,https://www.zoomgrants.com/,1QpK7G_XHxMedvJk3F22IZ_Mc__IyYcu1,1T2_jE7Xov8troDFxrY9DEEFkp2QKlC9DlRb3Z37RGYA,Client Intake Form - ZoomGrants,https://docs.google.com/document/d/1T2_jE7Xov8troDFxrY9DEEFkp2QKlC9DlRb3Z37RGYA/edit
sensiq,1FZDv7e0zikQqIgEHhnhoprCju49UPTKj,https://www.sensiqnootropics.com,1LeX8yxZ93Db2KdZ61xq5g-DwmFp7VdY0,1kQqpS4fNl0BPJlI6lskAs1XTul3Sx2Xza3G6Pl2dnbQ,Client Intake Form - SensIQ,https://docs.google.com/document/d/1kQqpS4fNl0BPJlI6lskAs1XTul3Sx2Xza3G6Pl2dnbQ/edit
pr-return,1_3jnBcFNkBgJx5BFFxxYhf0AKYIHlaW5,https://www.pr-return.com,1wSmHTkHV1iCcPGWEDFLYBxaJOdKD5XzS,1jq-l9ptqacCIQ73S1GiMs8EyneLGqqGOR9PwWr-wJGs,Client Intake Form - PR Return,https://docs.google.com/document/d/1jq-l9ptqacCIQ73S1GiMs8EyneLGqqGOR9PwWr-wJGs/edit
archway-learning-solutions,1RQF1Qc0OI7Y5C_EaKW5t4ct_VF7SvG0r,https://www.archwaylearningsolutions.com,16VVwu8ZEALqg0yvqDtqxBlLlzsZ8Vjr3,1KRfIli-lhNnSVDiIlCza57TaFbT2DxwTcPp7l0I5OVI,ARCHway Intake Form,https://docs.google.com/document/d/1KRfIli-lhNnSVDiIlCza57TaFbT2DxwTcPp7l0I5OVI/edit
ubiq-education,1J-PTkl51J0UKB9F0DMFpuHiPyGOkWacs,https://www.ubiqeducation.com/,1o1j1ydTz6hBbG6hAmumH2sAJ0_ciyteD,11zEZ3fl_Abs1d93HHlkJf84TsCc-sFFlZm2Yx6uIq9s,Ubiq Education: Client Intake Form,https://docs.google.com/document/d/11zEZ3fl_Abs1d93HHlkJf84TsCc-sFFlZm2Yx6uIq9s/edit
f1-cloud-solutions,1AqLTL1fnYHs0iRuQQujKi8JdDdIDz5Lg,https://www.f1cloud.com,1qIErLXZxbSLBCqWFVws0O4O9jqcJwFN4,1i0lTyuK7guyOjcKZCQJ-1VIEd3OEbNJPORmeKID58tQ,F1: Client Intake Form,https://docs.google.com/document/d/1i0lTyuK7guyOjcKZCQJ-1VIEd3OEbNJPORmeKID58tQ/edit
on-the-marc-media,1M81_h7a4tm5He4bxrZaPGXyoqvm60NG9,https://onthemarcmedia.co,1vXmnyp3lv3I3ivnUSJ4R1ah19Vo87Oeo,15X4csVr6MrnE04Muv5b_JcoC9O9sbXjADaoNXudPDUY,On The Marc: Client Intake Form,https://docs.google.com/document/d/15X4csVr6MrnE04Muv5b_JcoC9O9sbXjADaoNXudPDUY/edit
slingshot,1fbcn8XXWZvFFF_xqagY1Gy6Cqew0E-AJ,https://www.slingshotpdg.com/,11q3GkELObOPH_vnMx1VX-FkDB7PHzWj7,1FXSpl5heNZECBB7sHVHqejuHwZtjloT1V-Upzef7oqg,Slingshot Client Intake Form,https://docs.google.com/document/d/1FXSpl5heNZECBB7sHVHqejuHwZtjloT1V-Upzef7oqg/edit
atrenet,1fDrNHnhaoDm9lFgEAR1LxnT6arykvx8n,https://atre.net,1D9cjXCU1322lxqoL00LBRNGtmgiZlV05,1VY9Osg34yAPq9MbVA7Dx392oJIaqVnwNyTE9_tgMn5E,AtreNet: Client Intake Form,https://docs.google.com/document/d/1VY9Osg34yAPq9MbVA7Dx392oJIaqVnwNyTE9_tgMn5E/edit
lib-consulting-group,1r6RVh8AJOqkyOHY7lH-ZUNU-bvEbd2zu,https://fitness.com/,1e0VsYyY6cRqx21LUBwmdNmfP29kmvHZP,1eL04rNcNi4TVzjuIi5xGhXUelkmIsNBNzensPL7Vg2o,LIB: Client Intake Form,https://docs.google.com/document/d/1eL04rNcNi4TVzjuIi5xGhXUelkmIsNBNzensPL7Vg2o/edit
push-analytics,1yrJop5fYvIXOK-_lfzwAanoI3dzA_Hs9,https://pushanalytics.ai/,1y093GbNWyh6L3ehA3yBa-553Lmls8mL2,18RGaJQmgE9TYiODaLPpJB-sKjtS4jWd6KYeHwtRdyAI,Client Intake Form - Push Analytics,https://docs.google.com/document/d/18RGaJQmgE9TYiODaLPpJB-sKjtS4jWd6KYeHwtRdyAI/edit
skayle-360,1oqcUtgi7Yf7pqE5B4VhxrSJ6JPXZ2SdC,https://www.skayle360.com,1OkpCNsz2TGl303QRfDCqTvQwypETCmQR,1LD1OBgtcfZnhAnJxaqLlmyVGSv0QZQgBHKdZZ2PdVFg,Client Intake Form - Skayle 360,https://docs.google.com/document/d/1LD1OBgtcfZnhAnJxaqLlmyVGSv0QZQgBHKdZZ2PdVFg/edit
wendt-partners,1tQD-JTTN6dojJYeYpOeS8fUHTYtzyEzt,https://wendpartners.com,1OCQbEben4myVy70dKQG5-055g4uRSD8R,1skGxI6_RA5GPFpcFtlEcQpevG20sjT06umakFC3cm00,Client Intake Form - SAMPLE,https://docs.google.com/document/d/1skGxI6_RA5GPFpcFtlEcQpevG20sjT06umakFC3cm00/edit
reach-marketing,1X_vZdBMCkdE1jgO_0gng1nJxx8B1u1Ja,https://www.reachmarketing.com,1ZLuTynkeITMfdp6PIONgViN3Kp3wvY0R,1fZIOyMXOylewHyh0y0ahCcMn4Uyps3YKlIcFwzGKGCI,Reach Marketing Client Intake Form,https://docs.google.com/document/d/1fZIOyMXOylewHyh0y0ahCcMn4Uyps3YKlIcFwzGKGCI/edit